{
  "GetCart" : {
    "transaction" : "GetCart",
    "sampleCount" : 50,
    "errorCount" : 0,
    "errorPct" : 0.0,
    "meanResTime" : 13.819999999999999,
    "medianResTime" : 10.0,
    "minResTime" : 6.0,
    "maxResTime" : 65.0,
    "pct1ResTime" : 27.9,
    "pct2ResTime" : 45.39999999999995,
    "pct3ResTime" : 65.0,
    "throughput" : 5.55185431934266,
    "receivedKBytesPerSec" : 1.143985606817677,
    "sentKBytesPerSec" : 0.6831383244503664
  },
  "AddToCart" : {
    "transaction" : "AddToCart",
    "sampleCount" : 50,
    "errorCount" : 1,
    "errorPct" : 2.0,
    "meanResTime" : 133.4,
    "medianResTime" : 97.5,
    "minResTime" : 34.0,
    "maxResTime" : 403.0,
    "pct1ResTime" : 261.29999999999995,
    "pct2ResTime" : 382.45,
    "pct3ResTime" : 403.0,
    "throughput" : 7.271669575334497,
    "receivedKBytesPerSec" : 2.985929319371728,
    "sentKBytesPerSec" : 1.7540062354566608
  },
  "ClearCart" : {
    "transaction" : "ClearCart",
    "sampleCount" : 50,
    "errorCount" : 0,
    "errorPct" : 0.0,
    "meanResTime" : 8.700000000000003,
    "medianResTime" : 7.0,
    "minResTime" : 5.0,
    "maxResTime" : 33.0,
    "pct1ResTime" : 13.0,
    "pct2ResTime" : 20.0,
    "pct3ResTime" : 33.0,
    "throughput" : 7.525586995785671,
    "receivedKBytesPerSec" : 1.5506824766706804,
    "sentKBytesPerSec" : 1.5580316827212521
  },
  "Total" : {
    "transaction" : "Total",
    "sampleCount" : 200,
    "errorCount" : 1,
    "errorPct" : 0.5,
    "meanResTime" : 67.31000000000004,
    "medianResTime" : 35.0,
    "minResTime" : 5.0,
    "maxResTime" : 403.0,
    "pct1ResTime" : 187.9,
    "pct2ResTime" : 225.95,
    "pct3ResTime" : 382.99,
    "throughput" : 21.81976871045167,
    "receivedKBytesPerSec" : 5.424045044185031,
    "sentKBytesPerSec" : 4.320271587933668
  },
  "RemoveFromCart" : {
    "transaction" : "RemoveFromCart",
    "sampleCount" : 50,
    "errorCount" : 0,
    "errorPct" : 0.0,
    "meanResTime" : 113.31999999999998,
    "medianResTime" : 102.5,
    "minResTime" : 8.0,
    "maxResTime" : 322.0,
    "pct1ResTime" : 207.49999999999997,
    "pct2ResTime" : 283.44999999999976,
    "pct3ResTime" : 322.0,
    "throughput" : 7.376807317792859,
    "receivedKBytesPerSec" : 1.2658716619946888,
    "sentKBytesPerSec" : 1.6280844275597521
  }
}